{
  "model_name": "MoritzLaurer/DeBERTa-v3-large-mnli-fever-anli-ling-wanli",
  "timestamp": "2026-04-20T02:11:04.541942+00:00",
  "seed": 42,
  "n_examples": 50,
  "n_claims": 50,
  "power_warning": true,
  "grounded_macro_f1": 0.49938429478071417,
  "ungrounded_macro_f1": 0.18357487922705315,
  "mcnemar": {
    "contingency_table": [
      [
        4,
        26
      ],
      [
        15,
        5
      ]
    ],
    "statistic": 15.0,
    "pvalue": 0.11727520595741225
  }
}