{
  "model_name": "MoritzLaurer/DeBERTa-v3-large-mnli-fever-anli-ling-wanli",
  "timestamp": "2026-04-20T01:51:54.352806+00:00",
  "seed": 42,
  "n_examples": 188,
  "per_class": {
    "contradiction": {
      "precision": 0.7906976744186046,
      "recall": 0.53125,
      "f1": 0.6355140186915887,
      "support": 64
    },
    "entailment": {
      "precision": 0.8333333333333334,
      "recall": 0.7258064516129032,
      "f1": 0.7758620689655172,
      "support": 124
    }
  },
  "macro_f1": 0.705688043828553,
  "accuracy": 0.6595744680851063,
  "confusion_matrix": {
    "labels": [
      "contradiction",
      "entailment"
    ],
    "matrix": [
      [
        34,
        18
      ],
      [
        9,
        90
      ]
    ]
  }
}