{
  "model_name": "MoritzLaurer/DeBERTa-v3-large-mnli-fever-anli-ling-wanli",
  "timestamp": "2026-04-20T02:11:04.541732+00:00",
  "seed": 42,
  "n_examples": 50,
  "mode": "grounded",
  "n_claims": 50,
  "power_warning": true,
  "per_class": {
    "entailment": {
      "precision": 1.0,
      "recall": 0.21052631578947367,
      "f1": 0.34782608695652173,
      "support": 19
    },
    "neutral": {
      "precision": 0.5581395348837209,
      "recall": 0.96,
      "f1": 0.7058823529411765,
      "support": 25
    },
    "contradiction": {
      "precision": 0.6666666666666666,
      "recall": 0.3333333333333333,
      "f1": 0.4444444444444444,
      "support": 6
    }
  },
  "macro_f1": 0.49938429478071417,
  "accuracy": 0.6,
  "confusion_matrix": {
    "labels": [
      "entailment",
      "neutral",
      "contradiction"
    ],
    "matrix": [
      [
        4,
        15,
        0
      ],
      [
        0,
        24,
        1
      ],
      [
        0,
        4,
        2
      ]
    ]
  }
}