{
  "model_name": "MoritzLaurer/DeBERTa-v3-large-mnli-fever-anli-ling-wanli",
  "timestamp": "2026-05-04T14:42:40.512195+00:00",
  "seed": 42,
  "n_examples": 402,
  "n_claims": 402,
  "grounded_macro_f1": 0.37669550545792135,
  "ungrounded_macro_f1": 0.23396272089082548,
  "mcnemar": {
    "contingency_table": [
      [
        34,
        162
      ],
      [
        178,
        28
      ]
    ],
    "statistic": 162.0,
    "pvalue": 0.41597675583010335
  }
}