{
  "model_name": "finetuned:MoritzLaurer/DeBERTa-v3-large-mnli-fever-anli-ling-wanli",
  "timestamp": "2026-04-30T06:39:46.089072+00:00",
  "seed": 42,
  "n_examples": 323,
  "per_class": {
    "contradiction": {
      "precision": 0.8243243243243243,
      "recall": 0.8591549295774648,
      "f1": 0.8413793103448276,
      "support": 71
    },
    "entailment": {
      "precision": 0.9044117647058824,
      "recall": 0.8913043478260869,
      "f1": 0.8978102189781022,
      "support": 138
    },
    "neutral": {
      "precision": 0.8761061946902655,
      "recall": 0.868421052631579,
      "f1": 0.8722466960352423,
      "support": 114
    }
  },
  "macro_f1": 0.8704787417860573,
  "accuracy": 0.8761609907120743,
  "confusion_matrix": {
    "labels": [
      "contradiction",
      "entailment",
      "neutral"
    ],
    "matrix": [
      [
        61,
        4,
        6
      ],
      [
        7,
        123,
        8
      ],
      [
        6,
        9,
        99
      ]
    ]
  },
  "contradiction_recall": 0.8591549295774648
}