{
  "model_name": "comparison:MoritzLaurer/DeBERTa-v3-large-mnli-fever-anli-ling-wanli",
  "timestamp": "2026-04-30T06:39:46.089423+00:00",
  "seed": 42,
  "n_examples": 323,
  "zero_shot": {
    "macro_f1": 0.7529844678586097,
    "accuracy": 0.7647058823529411,
    "contradiction_recall": 0.647887323943662,
    "per_class": {
      "contradiction": {
        "precision": 0.7419354838709677,
        "recall": 0.647887323943662,
        "f1": 0.6917293233082707,
        "support": 71
      },
      "entailment": {
        "precision": 0.8360655737704918,
        "recall": 0.7391304347826086,
        "f1": 0.7846153846153846,
        "support": 138
      },
      "neutral": {
        "precision": 0.7122302158273381,
        "recall": 0.868421052631579,
        "f1": 0.7826086956521738,
        "support": 114
      }
    }
  },
  "finetuned": {
    "macro_f1": 0.8704787417860573,
    "accuracy": 0.8761609907120743,
    "contradiction_recall": 0.8591549295774648,
    "per_class": {
      "contradiction": {
        "precision": 0.8243243243243243,
        "recall": 0.8591549295774648,
        "f1": 0.8413793103448276,
        "support": 71
      },
      "entailment": {
        "precision": 0.9044117647058824,
        "recall": 0.8913043478260869,
        "f1": 0.8978102189781022,
        "support": 138
      },
      "neutral": {
        "precision": 0.8761061946902655,
        "recall": 0.868421052631579,
        "f1": 0.8722466960352423,
        "support": 114
      }
    }
  },
  "delta_macro_f1": 0.1174942739274476,
  "delta_accuracy": 0.11145510835913319,
  "delta_contradiction_recall": 0.21126760563380276
}